{"Read@0":8.083319,"SummaryAnalysis@0":0.6117279999999999,"MergeAnalysis@0":5.7413799999999995,"QuickAnalysis@0":11.385233,"LanguageAnalysis@0":0.749246,"Read@1":17.892072,"SummaryAnalysis@1":1.550768,"MergeAnalysis@1":11.703194,"QuickAnalysis@1":24.672275,"LanguageAnalysis@1":2.314812,"Read@2":25.95105,"SummaryAnalysis@2":2.7137580000000003,"MergeAnalysis@2":18.453253999999998,"QuickAnalysis@2":37.541923999999995,"LanguageAnalysis@2":2.654767,"Read@3":36.379698000000005,"SummaryAnalysis@3":2.443757,"MergeAnalysis@3":25.778283,"QuickAnalysis@3":53.655522999999995,"LanguageAnalysis@3":3.516112,"Read@4":48.140188,"SummaryAnalysis@4":3.352458,"MergeAnalysis@4":32.736842,"QuickAnalysis@4":68.892894,"LanguageAnalysis@4":4.376885,"Read@5":60.073341,"SummaryAnalysis@5":3.955737,"MergeAnalysis@5":38.703205999999994,"QuickAnalysis@5":81.417708,"LanguageAnalysis@5":5.3896869999999995,"Read@6":67.805819,"SummaryAnalysis@6":4.73859,"MergeAnalysis@6":53.005323,"QuickAnalysis@6":95.84277300000001,"LanguageAnalysis@6":6.7891840000000006,"Read@7":88.315475,"SummaryAnalysis@7":5.513523,"MergeAnalysis@7":54.936634,"QuickAnalysis@7":113.93748500000001,"LanguageAnalysis@7":7.377091,"Read@8":84.490095,"SummaryAnalysis@8":6.173754,"MergeAnalysis@8":60.560688,"QuickAnalysis@8":126.86951199999999,"LanguageAnalysis@8":8.481321,"Read@9":92.020313,"SummaryAnalysis@9":7.307521,"MergeAnalysis@9":82.745149,"QuickAnalysis@9":143.63904399999998,"LanguageAnalysis@9":9.554399,"Read@10":102.61524,"SummaryAnalysis@10":9.2767,"MergeAnalysis@10":99.616186,"QuickAnalysis@10":161.695866,"LanguageAnalysis@10":11.3233,"Read@11":132.92445999999998,"SummaryAnalysis@11":9.679949,"MergeAnalysis@11":81.894875,"QuickAnalysis@11":177.672762,"LanguageAnalysis@11":12.108588,"Read@12":121.836631,"SummaryAnalysis@12":9.31325,"MergeAnalysis@12":111.928231,"QuickAnalysis@12":190.713129,"LanguageAnalysis@12":12.819516,"Read@13":123.767097,"SummaryAnalysis@13":10.395366,"MergeAnalysis@13":121.513985,"QuickAnalysis@13":209.686411,"LanguageAnalysis@13":13.945852,"Read@14":140.52256699999998,"SummaryAnalysis@14":12.40249,"MergeAnalysis@14":112.403015,"QuickAnalysis@14":230.926793,"LanguageAnalysis@14":15.534837,"Read@15":185.499324,"SummaryAnalysis@15":13.492163,"MergeAnalysis@15":111.05877,"QuickAnalysis@15":248.33526,"LanguageAnalysis@15":16.419417,"Read@16":153.436828,"SummaryAnalysis@16":12.896912,"MergeAnalysis@16":120.313896,"QuickAnalysis@16":267.23373,"LanguageAnalysis@16":16.983314,"Read@17":160.38903,"SummaryAnalysis@17":13.909422,"MergeAnalysis@17":155.105627,"QuickAnalysis@17":285.759843,"LanguageAnalysis@17":18.671975,"Read@18":180.238277,"SummaryAnalysis@18":15.838511,"MergeAnalysis@18":139.814795,"QuickAnalysis@18":305.919091,"LanguageAnalysis@18":20.604076999999997,"Read@19":217.428516,"SummaryAnalysis@19":15.689207,"MergeAnalysis@19":147.53407499999997,"QuickAnalysis@19":329.803623,"LanguageAnalysis@19":21.30771}